reference_date,target,horizon,target_end_date,location,output_type,output_type_id,oracle_value
2024-11-18,wk inc covid prop ili,0,2024-11-18,CN,quantile,0.5,1.5
2024-11-25,wk inc covid prop ili,-1,2024-11-18,CN,quantile,0.5,1.5
2024-11-25,wk inc covid prop ili,0,2024-11-25,CN,quantile,0.5,1.8
2024-12-02,wk inc covid prop ili,-2,2024-11-18,CN,quantile,0.5,1.5
2024-12-02,wk inc covid prop ili,-1,2024-11-25,CN,quantile,0.5,1.8
2024-12-02,wk inc covid prop ili,0,2024-12-02,CN,quantile,0.5,1.9
2024-12-09,wk inc covid prop ili,-3,2024-11-18,CN,quantile,0.5,1.5
2024-12-09,wk inc covid prop ili,-2,2024-11-25,CN,quantile,0.5,1.8
2024-12-09,wk inc covid prop ili,-1,2024-12-02,CN,quantile,0.5,1.9
2024-12-09,wk inc covid prop ili,0,2024-12-09,CN,quantile,0.5,2.1
2024-12-16,wk inc covid prop ili,-4,2024-11-18,CN,quantile,0.5,1.5
2024-12-16,wk inc covid prop ili,-3,2024-11-25,CN,quantile,0.5,1.8
2024-12-16,wk inc covid prop ili,-2,2024-12-02,CN,quantile,0.5,1.9
2024-12-16,wk inc covid prop ili,-1,2024-12-09,CN,quantile,0.5,2.1
2024-12-16,wk inc covid prop ili,0,2024-12-16,CN,quantile,0.5,1.9
2024-12-23,wk inc covid prop ili,-5,2024-11-18,CN,quantile,0.5,1.5
2024-12-23,wk inc covid prop ili,-4,2024-11-25,CN,quantile,0.5,1.8
2024-12-23,wk inc covid prop ili,-3,2024-12-02,CN,quantile,0.5,1.9
2024-12-23,wk inc covid prop ili,-2,2024-12-09,CN,quantile,0.5,2.1
2024-12-23,wk inc covid prop ili,-1,2024-12-16,CN,quantile,0.5,1.9
2024-12-23,wk inc covid prop ili,0,2024-12-23,CN,quantile,0.5,1.6
2024-12-30,wk inc covid prop ili,-5,2024-11-25,CN,quantile,0.5,1.8
2024-12-30,wk inc covid prop ili,-4,2024-12-02,CN,quantile,0.5,1.9
2024-12-30,wk inc covid prop ili,-3,2024-12-09,CN,quantile,0.5,2.1
2024-12-30,wk inc covid prop ili,-2,2024-12-16,CN,quantile,0.5,1.9
2024-12-30,wk inc covid prop ili,-1,2024-12-23,CN,quantile,0.5,1.6
2024-12-30,wk inc covid prop ili,0,2024-12-30,CN,quantile,0.5,1.5
2025-01-06,wk inc covid prop ili,-5,2024-12-02,CN,quantile,0.5,1.9
2025-01-06,wk inc covid prop ili,-4,2024-12-09,CN,quantile,0.5,2.1
2025-01-06,wk inc covid prop ili,-3,2024-12-16,CN,quantile,0.5,1.9
2025-01-06,wk inc covid prop ili,-2,2024-12-23,CN,quantile,0.5,1.6
2025-01-06,wk inc covid prop ili,-1,2024-12-30,CN,quantile,0.5,1.5
2025-01-06,wk inc covid prop ili,0,2025-01-06,CN,quantile,0.5,1.5
2025-01-13,wk inc covid prop ili,-5,2024-12-09,CN,quantile,0.5,2.1
2025-01-13,wk inc covid prop ili,-4,2024-12-16,CN,quantile,0.5,1.9
2025-01-13,wk inc covid prop ili,-3,2024-12-23,CN,quantile,0.5,1.6
2025-01-13,wk inc covid prop ili,-2,2024-12-30,CN,quantile,0.5,1.5
2025-01-13,wk inc covid prop ili,-1,2025-01-06,CN,quantile,0.5,1.5
2025-01-13,wk inc covid prop ili,0,2025-01-13,CN,quantile,0.5,1.3
2025-01-20,wk inc covid prop ili,-5,2024-12-16,CN,quantile,0.5,1.9
2025-01-20,wk inc covid prop ili,-4,2024-12-23,CN,quantile,0.5,1.6
2025-01-20,wk inc covid prop ili,-3,2024-12-30,CN,quantile,0.5,1.5
2025-01-20,wk inc covid prop ili,-2,2025-01-06,CN,quantile,0.5,1.5
2025-01-20,wk inc covid prop ili,-1,2025-01-13,CN,quantile,0.5,1.3
2025-01-20,wk inc covid prop ili,0,2025-01-20,CN,quantile,0.5,1.7
2025-01-27,wk inc covid prop ili,-5,2024-12-23,CN,quantile,0.5,1.6
2025-01-27,wk inc covid prop ili,-4,2024-12-30,CN,quantile,0.5,1.5
2025-01-27,wk inc covid prop ili,-3,2025-01-06,CN,quantile,0.5,1.5
2025-01-27,wk inc covid prop ili,-2,2025-01-13,CN,quantile,0.5,1.3
2025-01-27,wk inc covid prop ili,-1,2025-01-20,CN,quantile,0.5,1.7
2025-01-27,wk inc covid prop ili,0,2025-01-27,CN,quantile,0.5,1.5
2025-02-03,wk inc covid prop ili,-5,2024-12-30,CN,quantile,0.5,1.5
2025-02-03,wk inc covid prop ili,-4,2025-01-06,CN,quantile,0.5,1.5
2025-02-03,wk inc covid prop ili,-3,2025-01-13,CN,quantile,0.5,1.3
2025-02-03,wk inc covid prop ili,-2,2025-01-20,CN,quantile,0.5,1.7
2025-02-03,wk inc covid prop ili,-1,2025-01-27,CN,quantile,0.5,1.5
2025-02-03,wk inc covid prop ili,0,2025-02-03,CN,quantile,0.5,2.1
2025-02-10,wk inc covid prop ili,-5,2025-01-06,CN,quantile,0.5,1.5
2025-02-10,wk inc covid prop ili,-4,2025-01-13,CN,quantile,0.5,1.3
2025-02-10,wk inc covid prop ili,-3,2025-01-20,CN,quantile,0.5,1.7
2025-02-10,wk inc covid prop ili,-2,2025-01-27,CN,quantile,0.5,1.5
2025-02-10,wk inc covid prop ili,-1,2025-02-03,CN,quantile,0.5,2.1
2025-02-10,wk inc covid prop ili,0,2025-02-10,CN,quantile,0.5,2.4
2025-02-17,wk inc covid prop ili,-5,2025-01-13,CN,quantile,0.5,1.3
2025-02-17,wk inc covid prop ili,-4,2025-01-20,CN,quantile,0.5,1.7
2025-02-17,wk inc covid prop ili,-3,2025-01-27,CN,quantile,0.5,1.5
2025-02-17,wk inc covid prop ili,-2,2025-02-03,CN,quantile,0.5,2.1
2025-02-17,wk inc covid prop ili,-1,2025-02-10,CN,quantile,0.5,2.4
2025-02-17,wk inc covid prop ili,0,2025-02-17,CN,quantile,0.5,2.2
2025-02-24,wk inc covid prop ili,-5,2025-01-20,CN,quantile,0.5,1.7
2025-02-24,wk inc covid prop ili,-4,2025-01-27,CN,quantile,0.5,1.5
2025-02-24,wk inc covid prop ili,-3,2025-02-03,CN,quantile,0.5,2.1
2025-02-24,wk inc covid prop ili,-2,2025-02-10,CN,quantile,0.5,2.4
2025-02-24,wk inc covid prop ili,-1,2025-02-17,CN,quantile,0.5,2.2
2025-02-24,wk inc covid prop ili,0,2025-02-24,CN,quantile,0.5,2.2
2025-03-03,wk inc covid prop ili,-5,2025-01-27,CN,quantile,0.5,1.5
2025-03-03,wk inc covid prop ili,-4,2025-02-03,CN,quantile,0.5,2.1
2025-03-03,wk inc covid prop ili,-3,2025-02-10,CN,quantile,0.5,2.4
2025-03-03,wk inc covid prop ili,-2,2025-02-17,CN,quantile,0.5,2.2
2025-03-03,wk inc covid prop ili,-1,2025-02-24,CN,quantile,0.5,2.2
2025-03-03,wk inc covid prop ili,0,2025-03-03,CN,quantile,0.5,2.6
2025-03-10,wk inc covid prop ili,-5,2025-02-03,CN,quantile,0.5,2.1
2025-03-10,wk inc covid prop ili,-4,2025-02-10,CN,quantile,0.5,2.4
2025-03-10,wk inc covid prop ili,-3,2025-02-17,CN,quantile,0.5,2.2
2025-03-10,wk inc covid prop ili,-2,2025-02-24,CN,quantile,0.5,2.2
2025-03-10,wk inc covid prop ili,-1,2025-03-03,CN,quantile,0.5,2.6
2025-03-10,wk inc covid prop ili,0,2025-03-10,CN,quantile,0.5,4.0
2025-03-17,wk inc covid prop ili,-5,2025-02-10,CN,quantile,0.5,2.4
2025-03-17,wk inc covid prop ili,-4,2025-02-17,CN,quantile,0.5,2.2
2025-03-17,wk inc covid prop ili,-3,2025-02-24,CN,quantile,0.5,2.2
2025-03-17,wk inc covid prop ili,-2,2025-03-03,CN,quantile,0.5,2.6
2025-03-17,wk inc covid prop ili,-1,2025-03-10,CN,quantile,0.5,4.0
2025-03-17,wk inc covid prop ili,0,2025-03-17,CN,quantile,0.5,4.8
2025-03-24,wk inc covid prop ili,-5,2025-02-17,CN,quantile,0.5,2.2
2025-03-24,wk inc covid prop ili,-4,2025-02-24,CN,quantile,0.5,2.2
2025-03-24,wk inc covid prop ili,-3,2025-03-03,CN,quantile,0.5,2.6
2025-03-24,wk inc covid prop ili,-2,2025-03-10,CN,quantile,0.5,4.0
2025-03-24,wk inc covid prop ili,-1,2025-03-17,CN,quantile,0.5,4.8
2025-03-24,wk inc covid prop ili,0,2025-03-24,CN,quantile,0.5,5.8
2025-03-31,wk inc covid prop ili,-5,2025-02-24,CN,quantile,0.5,2.2
2025-03-31,wk inc covid prop ili,-4,2025-03-03,CN,quantile,0.5,2.6
2025-03-31,wk inc covid prop ili,-3,2025-03-10,CN,quantile,0.5,4.0
2025-03-31,wk inc covid prop ili,-2,2025-03-17,CN,quantile,0.5,4.8
2025-03-31,wk inc covid prop ili,-1,2025-03-24,CN,quantile,0.5,5.8
2025-03-31,wk inc covid prop ili,0,2025-03-31,CN,quantile,0.5,7.2
2025-04-07,wk inc covid prop ili,-5,2025-03-03,CN,quantile,0.5,2.6
2025-04-07,wk inc covid prop ili,-4,2025-03-10,CN,quantile,0.5,4.0
2025-04-07,wk inc covid prop ili,-3,2025-03-17,CN,quantile,0.5,4.8
2025-04-07,wk inc covid prop ili,-2,2025-03-24,CN,quantile,0.5,5.8
2025-04-07,wk inc covid prop ili,-1,2025-03-31,CN,quantile,0.5,7.2
2025-04-07,wk inc covid prop ili,0,2025-04-07,CN,quantile,0.5,7.5
2025-04-14,wk inc covid prop ili,-5,2025-03-10,CN,quantile,0.5,4.0
2025-04-14,wk inc covid prop ili,-4,2025-03-17,CN,quantile,0.5,4.8
2025-04-14,wk inc covid prop ili,-3,2025-03-24,CN,quantile,0.5,5.8
2025-04-14,wk inc covid prop ili,-2,2025-03-31,CN,quantile,0.5,7.2
2025-04-14,wk inc covid prop ili,-1,2025-04-07,CN,quantile,0.5,7.5
2025-04-14,wk inc covid prop ili,0,2025-04-14,CN,quantile,0.5,8.8
2025-04-21,wk inc covid prop ili,-5,2025-03-17,CN,quantile,0.5,4.8
2025-04-21,wk inc covid prop ili,-4,2025-03-24,CN,quantile,0.5,5.8
2025-04-21,wk inc covid prop ili,-3,2025-03-31,CN,quantile,0.5,7.2
2025-04-21,wk inc covid prop ili,-2,2025-04-07,CN,quantile,0.5,7.5
2025-04-21,wk inc covid prop ili,-1,2025-04-14,CN,quantile,0.5,8.8
2025-04-21,wk inc covid prop ili,0,2025-04-21,CN,quantile,0.5,11.1
2025-04-28,wk inc covid prop ili,-5,2025-03-24,CN,quantile,0.5,5.8
2025-04-28,wk inc covid prop ili,-4,2025-03-31,CN,quantile,0.5,7.2
2025-04-28,wk inc covid prop ili,-3,2025-04-07,CN,quantile,0.5,7.5
2025-04-28,wk inc covid prop ili,-2,2025-04-14,CN,quantile,0.5,8.8
2025-04-28,wk inc covid prop ili,-1,2025-04-21,CN,quantile,0.5,11.1
2025-04-28,wk inc covid prop ili,0,2025-04-28,CN,quantile,0.5,13.4
2025-05-05,wk inc covid prop ili,-5,2025-03-31,CN,quantile,0.5,7.2
2025-05-05,wk inc covid prop ili,-4,2025-04-07,CN,quantile,0.5,7.5
2025-05-05,wk inc covid prop ili,-3,2025-04-14,CN,quantile,0.5,8.8
2025-05-05,wk inc covid prop ili,-2,2025-04-21,CN,quantile,0.5,11.1
2025-05-05,wk inc covid prop ili,-1,2025-04-28,CN,quantile,0.5,13.4
2025-05-05,wk inc covid prop ili,0,2025-05-05,CN,quantile,0.5,16.2
2025-05-12,wk inc covid prop ili,-5,2025-04-07,CN,quantile,0.5,7.5
2025-05-12,wk inc covid prop ili,-4,2025-04-14,CN,quantile,0.5,8.8
2025-05-12,wk inc covid prop ili,-3,2025-04-21,CN,quantile,0.5,11.1
2025-05-12,wk inc covid prop ili,-2,2025-04-28,CN,quantile,0.5,13.4
2025-05-12,wk inc covid prop ili,-1,2025-05-05,CN,quantile,0.5,16.2
2025-05-12,wk inc covid prop ili,0,2025-05-12,CN,quantile,0.5,19.4
2025-05-19,wk inc covid prop ili,-5,2025-04-14,CN,quantile,0.5,8.8
2025-05-19,wk inc covid prop ili,-4,2025-04-21,CN,quantile,0.5,11.1
2025-05-19,wk inc covid prop ili,-3,2025-04-28,CN,quantile,0.5,13.4
2025-05-19,wk inc covid prop ili,-2,2025-05-05,CN,quantile,0.5,16.2
2025-05-19,wk inc covid prop ili,-1,2025-05-12,CN,quantile,0.5,19.4
2025-05-19,wk inc covid prop ili,0,2025-05-19,CN,quantile,0.5,20.6
2025-05-26,wk inc covid prop ili,-5,2025-04-21,CN,quantile,0.5,11.1
2025-05-26,wk inc covid prop ili,-4,2025-04-28,CN,quantile,0.5,13.4
2025-05-26,wk inc covid prop ili,-3,2025-05-05,CN,quantile,0.5,16.2
2025-05-26,wk inc covid prop ili,-2,2025-05-12,CN,quantile,0.5,19.4
2025-05-26,wk inc covid prop ili,-1,2025-05-19,CN,quantile,0.5,20.6
2025-05-26,wk inc covid prop ili,0,2025-05-26,CN,quantile,0.5,24.5
2025-06-02,wk inc covid prop ili,-5,2025-04-28,CN,quantile,0.5,13.4
2025-06-02,wk inc covid prop ili,-4,2025-05-05,CN,quantile,0.5,16.2
2025-06-02,wk inc covid prop ili,-3,2025-05-12,CN,quantile,0.5,19.4
2025-06-02,wk inc covid prop ili,-2,2025-05-19,CN,quantile,0.5,20.6
2025-06-02,wk inc covid prop ili,-1,2025-05-26,CN,quantile,0.5,24.5
2025-06-02,wk inc covid prop ili,0,2025-06-02,CN,quantile,0.5,23.8
2025-06-09,wk inc covid prop ili,-5,2025-05-05,CN,quantile,0.5,16.2
2025-06-09,wk inc covid prop ili,-4,2025-05-12,CN,quantile,0.5,19.4
2025-06-09,wk inc covid prop ili,-3,2025-05-19,CN,quantile,0.5,20.6
2025-06-09,wk inc covid prop ili,-2,2025-05-26,CN,quantile,0.5,24.5
2025-06-09,wk inc covid prop ili,-1,2025-06-02,CN,quantile,0.5,23.8
2025-06-09,wk inc covid prop ili,0,2025-06-09,CN,quantile,0.5,20.3
2025-06-16,wk inc covid prop ili,-5,2025-05-12,CN,quantile,0.5,19.4
2025-06-16,wk inc covid prop ili,-4,2025-05-19,CN,quantile,0.5,20.6
2025-06-16,wk inc covid prop ili,-3,2025-05-26,CN,quantile,0.5,24.5
2025-06-16,wk inc covid prop ili,-2,2025-06-02,CN,quantile,0.5,23.8
2025-06-16,wk inc covid prop ili,-1,2025-06-09,CN,quantile,0.5,20.3
2025-06-16,wk inc covid prop ili,0,2025-06-16,CN,quantile,0.5,17.1
2025-06-23,wk inc covid prop ili,-5,2025-05-19,CN,quantile,0.5,20.6
2025-06-23,wk inc covid prop ili,-4,2025-05-26,CN,quantile,0.5,24.5
2025-06-23,wk inc covid prop ili,-3,2025-06-02,CN,quantile,0.5,23.8
2025-06-23,wk inc covid prop ili,-2,2025-06-09,CN,quantile,0.5,20.3
2025-06-23,wk inc covid prop ili,-1,2025-06-16,CN,quantile,0.5,17.1
2025-06-23,wk inc covid prop ili,0,2025-06-23,CN,quantile,0.5,15.4
2025-06-30,wk inc covid prop ili,-5,2025-05-26,CN,quantile,0.5,24.5
2025-06-30,wk inc covid prop ili,-4,2025-06-02,CN,quantile,0.5,23.8
2025-06-30,wk inc covid prop ili,-3,2025-06-09,CN,quantile,0.5,20.3
2025-06-30,wk inc covid prop ili,-2,2025-06-16,CN,quantile,0.5,17.1
2025-06-30,wk inc covid prop ili,-1,2025-06-23,CN,quantile,0.5,15.4
2025-06-30,wk inc covid prop ili,0,2025-06-30,CN,quantile,0.5,14.0
2025-07-07,wk inc covid prop ili,-5,2025-06-02,CN,quantile,0.5,23.8
2025-07-07,wk inc covid prop ili,-4,2025-06-09,CN,quantile,0.5,20.3
2025-07-07,wk inc covid prop ili,-3,2025-06-16,CN,quantile,0.5,17.1
2025-07-07,wk inc covid prop ili,-2,2025-06-23,CN,quantile,0.5,15.4
2025-07-07,wk inc covid prop ili,-1,2025-06-30,CN,quantile,0.5,14.0
2025-07-07,wk inc covid prop ili,0,2025-07-07,CN,quantile,0.5,11.9
2025-07-14,wk inc covid prop ili,-5,2025-06-09,CN,quantile,0.5,20.3
2025-07-14,wk inc covid prop ili,-4,2025-06-16,CN,quantile,0.5,17.1
2025-07-14,wk inc covid prop ili,-3,2025-06-23,CN,quantile,0.5,15.4
2025-07-14,wk inc covid prop ili,-2,2025-06-30,CN,quantile,0.5,14.0
2025-07-14,wk inc covid prop ili,-1,2025-07-07,CN,quantile,0.5,11.9
2025-07-14,wk inc covid prop ili,0,2025-07-14,CN,quantile,0.5,13.4
2025-07-21,wk inc covid prop ili,-5,2025-06-16,CN,quantile,0.5,17.1
2025-07-21,wk inc covid prop ili,-4,2025-06-23,CN,quantile,0.5,15.4
2025-07-21,wk inc covid prop ili,-3,2025-06-30,CN,quantile,0.5,14.0
2025-07-21,wk inc covid prop ili,-2,2025-07-07,CN,quantile,0.5,11.9
2025-07-21,wk inc covid prop ili,-1,2025-07-14,CN,quantile,0.5,13.4
2025-07-21,wk inc covid prop ili,0,2025-07-21,CN,quantile,0.5,14.0
2025-07-28,wk inc covid prop ili,-5,2025-06-23,CN,quantile,0.5,15.4
2025-07-28,wk inc covid prop ili,-4,2025-06-30,CN,quantile,0.5,14.0
2025-07-28,wk inc covid prop ili,-3,2025-07-07,CN,quantile,0.5,11.9
2025-07-28,wk inc covid prop ili,-2,2025-07-14,CN,quantile,0.5,13.4
2025-07-28,wk inc covid prop ili,-1,2025-07-21,CN,quantile,0.5,14.0
2025-07-28,wk inc covid prop ili,0,2025-07-28,CN,quantile,0.5,13.5
2025-08-04,wk inc covid prop ili,-5,2025-06-30,CN,quantile,0.5,14.0
2025-08-04,wk inc covid prop ili,-4,2025-07-07,CN,quantile,0.5,11.9
2025-08-04,wk inc covid prop ili,-3,2025-07-14,CN,quantile,0.5,13.4
2025-08-04,wk inc covid prop ili,-2,2025-07-21,CN,quantile,0.5,14.0
2025-08-04,wk inc covid prop ili,-1,2025-07-28,CN,quantile,0.5,13.5
2025-08-04,wk inc covid prop ili,0,2025-08-04,CN,quantile,0.5,13.6
2025-08-11,wk inc covid prop ili,-5,2025-07-07,CN,quantile,0.5,11.9
2025-08-11,wk inc covid prop ili,-4,2025-07-14,CN,quantile,0.5,13.4
2025-08-11,wk inc covid prop ili,-3,2025-07-21,CN,quantile,0.5,14.0
2025-08-11,wk inc covid prop ili,-2,2025-07-28,CN,quantile,0.5,13.5
2025-08-11,wk inc covid prop ili,-1,2025-08-04,CN,quantile,0.5,13.6
2025-08-11,wk inc covid prop ili,0,2025-08-11,CN,quantile,0.5,10.8
2025-08-18,wk inc covid prop ili,-5,2025-07-14,CN,quantile,0.5,13.4
2025-08-18,wk inc covid prop ili,-4,2025-07-21,CN,quantile,0.5,14.0
2025-08-18,wk inc covid prop ili,-3,2025-07-28,CN,quantile,0.5,13.5
2025-08-18,wk inc covid prop ili,-2,2025-08-04,CN,quantile,0.5,13.6
2025-08-18,wk inc covid prop ili,-1,2025-08-11,CN,quantile,0.5,10.8
2025-08-18,wk inc covid prop ili,0,2025-08-18,CN,quantile,0.5,11.9
2025-08-25,wk inc covid prop ili,-5,2025-07-21,CN,quantile,0.5,14.0
2025-08-25,wk inc covid prop ili,-4,2025-07-28,CN,quantile,0.5,13.5
2025-08-25,wk inc covid prop ili,-3,2025-08-04,CN,quantile,0.5,13.6
2025-08-25,wk inc covid prop ili,-2,2025-08-11,CN,quantile,0.5,10.8
2025-08-25,wk inc covid prop ili,-1,2025-08-18,CN,quantile,0.5,11.9
2025-08-25,wk inc covid prop ili,0,2025-08-25,CN,quantile,0.5,10.5
2025-09-01,wk inc covid prop ili,-5,2025-07-28,CN,quantile,0.5,13.5
2025-09-01,wk inc covid prop ili,-4,2025-08-04,CN,quantile,0.5,13.6
2025-09-01,wk inc covid prop ili,-3,2025-08-11,CN,quantile,0.5,10.8
2025-09-01,wk inc covid prop ili,-2,2025-08-18,CN,quantile,0.5,11.9
2025-09-01,wk inc covid prop ili,-1,2025-08-25,CN,quantile,0.5,10.5
2025-09-01,wk inc covid prop ili,0,2025-09-01,CN,quantile,0.5,8.5
2025-09-08,wk inc covid prop ili,-5,2025-08-04,CN,quantile,0.5,13.6
2025-09-08,wk inc covid prop ili,-4,2025-08-11,CN,quantile,0.5,10.8
2025-09-08,wk inc covid prop ili,-3,2025-08-18,CN,quantile,0.5,11.9
2025-09-08,wk inc covid prop ili,-2,2025-08-25,CN,quantile,0.5,10.5
2025-09-08,wk inc covid prop ili,-1,2025-09-01,CN,quantile,0.5,8.5
2025-09-08,wk inc covid prop ili,0,2025-09-08,CN,quantile,0.5,6.8
2025-09-15,wk inc covid prop ili,-5,2025-08-11,CN,quantile,0.5,10.8
2025-09-15,wk inc covid prop ili,-4,2025-08-18,CN,quantile,0.5,11.9
2025-09-15,wk inc covid prop ili,-3,2025-08-25,CN,quantile,0.5,10.5
2025-09-15,wk inc covid prop ili,-2,2025-09-01,CN,quantile,0.5,8.5
2025-09-15,wk inc covid prop ili,-1,2025-09-08,CN,quantile,0.5,6.8
2025-09-15,wk inc covid prop ili,0,2025-09-15,CN,quantile,0.5,6.8
2025-09-22,wk inc covid prop ili,-5,2025-08-18,CN,quantile,0.5,11.9
2025-09-22,wk inc covid prop ili,-4,2025-08-25,CN,quantile,0.5,10.5
2025-09-22,wk inc covid prop ili,-3,2025-09-01,CN,quantile,0.5,8.5
2025-09-22,wk inc covid prop ili,-2,2025-09-08,CN,quantile,0.5,6.8
2025-09-22,wk inc covid prop ili,-1,2025-09-15,CN,quantile,0.5,6.8
2025-09-22,wk inc covid prop ili,0,2025-09-22,CN,quantile,0.5,5.3
2025-09-29,wk inc covid prop ili,-5,2025-08-25,CN,quantile,0.5,10.5
2025-09-29,wk inc covid prop ili,-4,2025-09-01,CN,quantile,0.5,8.5
2025-09-29,wk inc covid prop ili,-3,2025-09-08,CN,quantile,0.5,6.8
2025-09-29,wk inc covid prop ili,-2,2025-09-15,CN,quantile,0.5,6.8
2025-09-29,wk inc covid prop ili,-1,2025-09-22,CN,quantile,0.5,5.3
2025-09-29,wk inc covid prop ili,0,2025-09-29,CN,quantile,0.5,3.6
2025-10-06,wk inc covid prop ili,-5,2025-09-01,CN,quantile,0.5,8.5
2025-10-06,wk inc covid prop ili,-4,2025-09-08,CN,quantile,0.5,6.8
2025-10-06,wk inc covid prop ili,-3,2025-09-15,CN,quantile,0.5,6.8
2025-10-06,wk inc covid prop ili,-2,2025-09-22,CN,quantile,0.5,5.3
2025-10-06,wk inc covid prop ili,-1,2025-09-29,CN,quantile,0.5,3.6
2025-10-06,wk inc covid prop ili,0,2025-10-06,CN,quantile,0.5,3.2
2025-10-13,wk inc covid prop ili,-5,2025-09-08,CN,quantile,0.5,6.8
2025-10-13,wk inc covid prop ili,-4,2025-09-15,CN,quantile,0.5,6.8
2025-10-13,wk inc covid prop ili,-3,2025-09-22,CN,quantile,0.5,5.3
2025-10-13,wk inc covid prop ili,-2,2025-09-29,CN,quantile,0.5,3.6
2025-10-13,wk inc covid prop ili,-1,2025-10-06,CN,quantile,0.5,3.2
2025-10-13,wk inc covid prop ili,0,2025-10-13,CN,quantile,0.5,2.3
2025-10-20,wk inc covid prop ili,-5,2025-09-15,CN,quantile,0.5,6.8
2025-10-20,wk inc covid prop ili,-4,2025-09-22,CN,quantile,0.5,5.3
2025-10-20,wk inc covid prop ili,-3,2025-09-29,CN,quantile,0.5,3.6
2025-10-20,wk inc covid prop ili,-2,2025-10-06,CN,quantile,0.5,3.2
2025-10-20,wk inc covid prop ili,-1,2025-10-13,CN,quantile,0.5,2.3
2025-10-20,wk inc covid prop ili,0,2025-10-20,CN,quantile,0.5,1.8
2025-10-27,wk inc covid prop ili,-5,2025-09-22,CN,quantile,0.5,5.3
2025-10-27,wk inc covid prop ili,-4,2025-09-29,CN,quantile,0.5,3.6
2025-10-27,wk inc covid prop ili,-3,2025-10-06,CN,quantile,0.5,3.2
2025-10-27,wk inc covid prop ili,-2,2025-10-13,CN,quantile,0.5,2.3
2025-10-27,wk inc covid prop ili,-1,2025-10-20,CN,quantile,0.5,1.8
2025-10-27,wk inc covid prop ili,0,2025-10-27,CN,quantile,0.5,1.5
2025-11-03,wk inc covid prop ili,-5,2025-09-29,CN,quantile,0.5,3.6
2025-11-03,wk inc covid prop ili,-4,2025-10-06,CN,quantile,0.5,3.2
2025-11-03,wk inc covid prop ili,-3,2025-10-13,CN,quantile,0.5,2.3
2025-11-03,wk inc covid prop ili,-2,2025-10-20,CN,quantile,0.5,1.8
2025-11-03,wk inc covid prop ili,-1,2025-10-27,CN,quantile,0.5,1.5
2025-11-03,wk inc covid prop ili,0,2025-11-03,CN,quantile,0.5,1.4
2025-11-10,wk inc covid prop ili,-5,2025-10-06,CN,quantile,0.5,3.2
2025-11-10,wk inc covid prop ili,-4,2025-10-13,CN,quantile,0.5,2.3
2025-11-10,wk inc covid prop ili,-3,2025-10-20,CN,quantile,0.5,1.8
2025-11-10,wk inc covid prop ili,-2,2025-10-27,CN,quantile,0.5,1.5
2025-11-10,wk inc covid prop ili,-1,2025-11-03,CN,quantile,0.5,1.4
2025-11-10,wk inc covid prop ili,0,2025-11-10,CN,quantile,0.5,1.1
2025-11-17,wk inc covid prop ili,-5,2025-10-13,CN,quantile,0.5,2.3
2025-11-17,wk inc covid prop ili,-4,2025-10-20,CN,quantile,0.5,1.8
2025-11-17,wk inc covid prop ili,-3,2025-10-27,CN,quantile,0.5,1.5
2025-11-17,wk inc covid prop ili,-2,2025-11-03,CN,quantile,0.5,1.4
2025-11-17,wk inc covid prop ili,-1,2025-11-10,CN,quantile,0.5,1.1
2025-11-17,wk inc covid prop ili,0,2025-11-17,CN,quantile,0.5,0.5
2025-11-24,wk inc covid prop ili,-5,2025-10-20,CN,quantile,0.5,1.8
2025-11-24,wk inc covid prop ili,-4,2025-10-27,CN,quantile,0.5,1.5
2025-11-24,wk inc covid prop ili,-3,2025-11-03,CN,quantile,0.5,1.4
2025-11-24,wk inc covid prop ili,-2,2025-11-10,CN,quantile,0.5,1.1
2025-11-24,wk inc covid prop ili,-1,2025-11-17,CN,quantile,0.5,0.5
2025-11-24,wk inc covid prop ili,0,2025-11-24,CN,quantile,0.5,0.6
2025-12-01,wk inc covid prop ili,-5,2025-10-27,CN,quantile,0.5,1.5
2025-12-01,wk inc covid prop ili,-4,2025-11-03,CN,quantile,0.5,1.4
2025-12-01,wk inc covid prop ili,-3,2025-11-10,CN,quantile,0.5,1.1
2025-12-01,wk inc covid prop ili,-2,2025-11-17,CN,quantile,0.5,0.5
2025-12-01,wk inc covid prop ili,-1,2025-11-24,CN,quantile,0.5,0.6
2025-12-01,wk inc covid prop ili,0,2025-12-01,CN,quantile,0.5,0.6
2025-12-08,wk inc covid prop ili,-5,2025-11-03,CN,quantile,0.5,1.4
2025-12-08,wk inc covid prop ili,-4,2025-11-10,CN,quantile,0.5,1.1
2025-12-08,wk inc covid prop ili,-3,2025-11-17,CN,quantile,0.5,0.5
2025-12-08,wk inc covid prop ili,-2,2025-11-24,CN,quantile,0.5,0.6
2025-12-08,wk inc covid prop ili,-1,2025-12-01,CN,quantile,0.5,0.6
2025-12-08,wk inc covid prop ili,0,2025-12-08,CN,quantile,0.5,0.3
2025-12-15,wk inc covid prop ili,-5,2025-11-10,CN,quantile,0.5,1.1
2025-12-15,wk inc covid prop ili,-4,2025-11-17,CN,quantile,0.5,0.5
2025-12-15,wk inc covid prop ili,-3,2025-11-24,CN,quantile,0.5,0.6
2025-12-15,wk inc covid prop ili,-2,2025-12-01,CN,quantile,0.5,0.6
2025-12-15,wk inc covid prop ili,-1,2025-12-08,CN,quantile,0.5,0.3
2025-12-15,wk inc covid prop ili,0,2025-12-15,CN,quantile,0.5,0.5
2025-12-22,wk inc covid prop ili,-5,2025-11-17,CN,quantile,0.5,0.5
2025-12-22,wk inc covid prop ili,-4,2025-11-24,CN,quantile,0.5,0.6
2025-12-22,wk inc covid prop ili,-3,2025-12-01,CN,quantile,0.5,0.6
2025-12-22,wk inc covid prop ili,-2,2025-12-08,CN,quantile,0.5,0.3
2025-12-22,wk inc covid prop ili,-1,2025-12-15,CN,quantile,0.5,0.5
2025-12-22,wk inc covid prop ili,0,2025-12-22,CN,quantile,0.5,0.7
2025-12-29,wk inc covid prop ili,-5,2025-11-24,CN,quantile,0.5,0.6
2025-12-29,wk inc covid prop ili,-4,2025-12-01,CN,quantile,0.5,0.6
2025-12-29,wk inc covid prop ili,-3,2025-12-08,CN,quantile,0.5,0.3
2025-12-29,wk inc covid prop ili,-2,2025-12-15,CN,quantile,0.5,0.5
2025-12-29,wk inc covid prop ili,-1,2025-12-22,CN,quantile,0.5,0.7
2025-12-29,wk inc covid prop ili,0,2025-12-29,CN,quantile,0.5,0.7
2026-01-05,wk inc covid prop ili,-5,2025-12-01,CN,quantile,0.5,0.6
2026-01-05,wk inc covid prop ili,-4,2025-12-08,CN,quantile,0.5,0.3
2026-01-05,wk inc covid prop ili,-3,2025-12-15,CN,quantile,0.5,0.5
2026-01-05,wk inc covid prop ili,-2,2025-12-22,CN,quantile,0.5,0.7
2026-01-05,wk inc covid prop ili,-1,2025-12-29,CN,quantile,0.5,0.7
2026-01-05,wk inc covid prop ili,0,2026-01-05,CN,quantile,0.5,1.1
2026-01-12,wk inc covid prop ili,-5,2025-12-08,CN,quantile,0.5,0.3
2026-01-12,wk inc covid prop ili,-4,2025-12-15,CN,quantile,0.5,0.5
2026-01-12,wk inc covid prop ili,-3,2025-12-22,CN,quantile,0.5,0.7
2026-01-12,wk inc covid prop ili,-2,2025-12-29,CN,quantile,0.5,0.7
2026-01-12,wk inc covid prop ili,-1,2026-01-05,CN,quantile,0.5,1.1
2026-01-12,wk inc covid prop ili,0,2026-01-12,CN,quantile,0.5,1.1
2026-01-19,wk inc covid prop ili,-5,2025-12-15,CN,quantile,0.5,0.5
2026-01-19,wk inc covid prop ili,-4,2025-12-22,CN,quantile,0.5,0.7
2026-01-19,wk inc covid prop ili,-3,2025-12-29,CN,quantile,0.5,0.7
2026-01-19,wk inc covid prop ili,-2,2026-01-05,CN,quantile,0.5,1.1
2026-01-19,wk inc covid prop ili,-1,2026-01-12,CN,quantile,0.5,1.1
2026-01-19,wk inc covid prop ili,0,2026-01-19,CN,quantile,0.5,0.9
2026-01-26,wk inc covid prop ili,-5,2025-12-22,CN,quantile,0.5,0.7
2026-01-26,wk inc covid prop ili,-4,2025-12-29,CN,quantile,0.5,0.7
2026-01-26,wk inc covid prop ili,-3,2026-01-05,CN,quantile,0.5,1.1
2026-01-26,wk inc covid prop ili,-2,2026-01-12,CN,quantile,0.5,1.1
2026-01-26,wk inc covid prop ili,-1,2026-01-19,CN,quantile,0.5,0.9
2026-02-02,wk inc covid prop ili,-5,2025-12-29,CN,quantile,0.5,0.7
2026-02-02,wk inc covid prop ili,-4,2026-01-05,CN,quantile,0.5,1.1
2026-02-02,wk inc covid prop ili,-3,2026-01-12,CN,quantile,0.5,1.1
2026-02-02,wk inc covid prop ili,-2,2026-01-19,CN,quantile,0.5,0.9
2026-02-09,wk inc covid prop ili,-5,2026-01-05,CN,quantile,0.5,1.1
2026-02-09,wk inc covid prop ili,-4,2026-01-12,CN,quantile,0.5,1.1
2026-02-09,wk inc covid prop ili,-3,2026-01-19,CN,quantile,0.5,0.9
2026-02-16,wk inc covid prop ili,-5,2026-01-12,CN,quantile,0.5,1.1
2026-02-16,wk inc covid prop ili,-4,2026-01-19,CN,quantile,0.5,0.9
2026-02-23,wk inc covid prop ili,-5,2026-01-19,CN,quantile,0.5,0.9
